RG,sample,chr,start,end,length,number_of_markers,quality
RG,demo,1,2433900,3301721,867822,20,17.1
RG,demo,1,17380497,17550225,169729,15,10.2
RG,demo,1,23885599,24400633,515035,14,5.3
RG,demo,1,62579891,62939634,359744,20,28.1
RG,demo,1,109735298,109813020,77723,19,10.9
RG,demo,1,149905279,151265954,1360676,43,44.6
RG,demo,1,156520173,156615194,95022,24,30.8
RG,demo,1,186275760,196642072,10366313,20,23.5
RG,demo,1,236557771,236882303,324533,37,58.0
RG,demo,2,27793921,27961344,167424,14,14.6
RG,demo,2,209033173,209315573,282401,18,6.1
RG,demo,2,216191515,216811707,620193,16,20.0
RG,demo,2,241818279,241905779,87501,22,34.4
RG,demo,3,27233498,28283368,1049871,20,33.4
RG,demo,3,47125385,47712202,586818,21,25.6
RG,demo,3,52546487,52886605,340119,48,53.6
RG,demo,3,69036683,69168656,131974,15,6.3
RG,demo,3,75781044,75986622,205579,62,78.1
RG,demo,3,112185025,112935113,750089,14,6.1
RG,demo,3,124731485,125485452,753968,17,15.5
RG,demo,3,153870511,156009925,2139415,10,9.4
RG,demo,4,57180473,57301506,121034,17,8.7
RG,demo,4,74302071,75673363,1371293,16,17.1
RG,demo,4,76721459,76817412,95954,16,4.1
RG,demo,4,119718988,120982045,1263058,18,23.3
RG,demo,5,58286625,60817075,2530451,12,10.7
RG,demo,5,70800538,71490962,690425,15,19.0
RG,demo,5,139745154,140221047,475894,32,39.5
RG,demo,5,176334195,176916516,582322,26,28.1
RG,demo,6,30122154,30861000,738847,24,22.3
RG,demo,6,31237087,31238814,1728,32,46.6
RG,demo,6,90315789,90605836,290048,22,34.3
RG,demo,6,109519611,109826667,307057,18,30.2
RG,demo,7,64437648,65425894,988247,13,11.0
RG,demo,7,157414028,158434272,1020245,12,4.7
RG,demo,8,145729727,145947776,218050,19,16.8
RG,demo,9,96097747,96714491,616745,16,9.3
RG,demo,9,125512193,126125318,613126,16,12.5
RG,demo,9,139230585,139298580,67996,20,18.6
RG,demo,10,5436260,5936425,500166,23,27.1
RG,demo,10,32096803,33474644,1377842,20,29.5
RG,demo,10,69926097,70166913,240817,18,27.3
RG,demo,11,4976077,5269584,293508,25,25.9
RG,demo,11,7662732,7949350,286619,23,27.1
RG,demo,11,12302431,12903443,601013,15,10.6
RG,demo,11,34678435,35198108,519674,17,16.7
RG,demo,11,66108660,66833327,724668,34,42.6
RG,demo,11,71146691,71238335,91645,15,7.8
RG,demo,11,82443817,82973004,529188,9,4.7
RG,demo,12,53670545,53777171,106627,16,10.5
RG,demo,12,56815922,57110000,294079,16,17.6
RG,demo,12,123333065,124246910,913846,42,47.1
RG,demo,12,131471608,132396603,924996,22,21.0
RG,demo,13,29898768,31287996,1389229,15,13.1
RG,demo,13,103385015,103484060,99046,20,22.3
RG,demo,14,20470399,25076836,4606438,238,70.3
RG,demo,14,25100282,53173877,28073596,186,55.3
RG,demo,14,53326454,58563694,5237241,31,33.7
RG,demo,14,58766617,74983495,16216879,224,61.5
RG,demo,14,75231103,94833033,19601931,185,59.7
RG,demo,14,95898487,105412005,9513519,180,63.6
RG,demo,14,105412561,105615465,202905,23,8.1
RG,demo,14,106236128,106471268,235141,20,14.9
RG,demo,14,106471534,106877637,406104,22,7.5
RG,demo,14,107114009,107282744,168736,24,29.2
RG,demo,15,44943757,45428712,484956,21,27.4
RG,demo,15,64263795,65449169,1185375,23,26.3
RG,demo,15,90128966,90245174,116209,21,21.9
RG,demo,16,88494976,88552370,57395,16,17.1
RG,demo,17,10535349,10614442,79094,17,10.4
RG,demo,18,66724690,70209321,3484632,11,9.0
RG,demo,19,12541547,13210211,668665,21,20.9
RG,demo,19,15733195,15905227,172033,30,36.1
RG,demo,19,23545250,29704002,6158753,11,11.5
RG,demo,19,44351107,44515492,164386,20,17.6
RG,demo,19,44564981,44660967,95987,17,11.6
RG,demo,19,55317524,55378008,60485,19,11.0
RG,demo,19,58864479,59074653,210175,33,60.0
RG,demo,20,35748894,36685915,937022,13,9.7
RG,demo,21,26965148,27852724,887577,8,5.6
RG,demo,X,74494483,84520105,10025623,17,14.8
RG,demo,X,107418906,111914244,4495339,11,20.3